"","class","order","family","genus","unique_name"
"1","Mammalia","","",""," sp."
"2","Mammalia","Deltatheroida","",""," sp."
"3","Osteichthyes","Docodonta","",""," sp."
"4","Mammalia","Dryolestida","",""," sp."
"5","Mammalia","Eupantotheria","",""," sp."
"6","Mammalia","Eutriconodonta","",""," sp."
"7","Mammalia","Insectivora","",""," sp."
"8","Mammalia","Meridiolestida","",""," sp."
"9","Mammalia","Monotremata","",""," sp."
"10","Osteichthyes","Morganucodonta","",""," sp."
"11","Mammalia","Multituberculata","",""," sp."
"12","Mammalia","Pantotheria","",""," sp."
"13","Mammalia","Peramura","",""," sp."
"14","Mammalia","Proteutheria","",""," sp."
"15","Mammalia","Prototribosphenida","",""," sp."
"16","Mammalia","Symmetrodonta","",""," sp."
"17","Osteichthyes","Therapsida","",""," sp."
"18","Mammalia","Triconodonta","",""," sp."
"19","Mammalia",NA,"",""," sp."
"20","Mammalia","Multituberculata","Albionbaataridae",""," sp."
"21","Mammalia","Multituberculata","Allodontidae",""," sp."
"22","Mammalia",NA,"Alphadontidae",""," sp."
"23","Mammalia",NA,"Amphidontidae",""," sp."
"24","Mammalia",NA,"Amphilestidae",""," sp."
"25","Mammalia",NA,"Amphitheriidae",""," sp."
"26","Osteichthyes","Therapsida","Brasilodontidae",""," sp."
"27","Mammalia","Multituberculata","Cimolodontidae",""," sp."
"28","Mammalia","Multituberculata","Cimolomyidae",""," sp."
"29","Osteichthyes","Therapsida","Cynognathidae",""," sp."
"30","Mammalia","Deltatheroida","Deltatheridiidae",""," sp."
"31","Osteichthyes","Therapsida","Diademodontidae",""," sp."
"32","Mammalia","Didelphimorphia","Didelphidae",""," sp."
"33","Osteichthyes","Docodonta","Docodontidae",""," sp."
"34","Osteichthyes","Therapsida","Dromatheriidae",""," sp."
"35","Mammalia",NA,"Dryolestidae",""," sp."
"36","Mammalia",NA,"Eleutherodontidae",""," sp."
"37","Mammalia","Multituberculata","Eobaataridae",""," sp."
"38","Mammalia","Multituberculata","Eucosmodontidae",""," sp."
"39","Osteichthyes","Therapsida","Galesauridae",""," sp."
"40","Mammalia","Eutriconodonta","Gobiconodontidae",""," sp."
"41","Osteichthyes","Therapsida","Gomphodontidae",""," sp."
"42","Mammalia",NA,"Hahnodontidae",""," sp."
"43","Mammalia","Multituberculata","Hahnotheriidae",""," sp."
"44","Osteichthyes","Therapsida","Haramiyidae",""," sp."
"45","Mammalia","Multituberculata","Haramyidae",""," sp."
"46","Mammalia","Multituberculata","Kermackodontidae",""," sp."
"47","Osteichthyes","Therapsida","Kuehneotheriidae",""," sp."
"48","Mammalia","Meridiolestida","Mesungulatidae",""," sp."
"49","Osteichthyes","Morganucodonta","Morganucodontidae",""," sp."
"50","Mammalia","Multituberculata","Neoplagiaulacidae",""," sp."
"51","Mammalia",NA,"Nyctitheriidae",""," sp."
"52","Mammalia","Proteutheria","Palaeoryctidae",""," sp."
"53","Mammalia",NA,"Pappotheriidae",""," sp."
"54","Mammalia","Multituberculata","Paulchoffatiidae",""," sp."
"55","Mammalia",NA,"Paurodontidae",""," sp."
"56","Mammalia",NA,"Pediomyidae",""," sp."
"57","Mammalia","","Peradectidae",""," sp."
"58","Mammalia","Peramura","Peramuridae",""," sp."
"59","Mammalia",NA,"Periptychidae",""," sp."
"60","Mammalia","Multituberculata","Pinheirodontidae",""," sp."
"61","Mammalia","Multituberculata","Plagiaulacidae",""," sp."
"62","Mammalia","Multituberculata","Ptilodontidae",""," sp."
"63","Mammalia",NA,"Spalacotheriidae",""," sp."
"64","Mammalia",NA,"Stagodontidae",""," sp."
"65","Mammalia",NA,"Sudamericidae",""," sp."
"66","Osteichthyes","Docodonta","Tegotheriidae",""," sp."
"67","Mammalia",NA,"Tinodontidae",""," sp."
"68","Osteichthyes","Therapsida","Traversodontidae",""," sp."
"69","Mammalia","Eutriconodonta","Triconodontidae",""," sp."
"70","Osteichthyes","Therapsida","Tritheledontidae",""," sp."
"71","Osteichthyes","Therapsida","Tritylodontidae",""," sp."
"72","Mammalia",NA,"Zalambdalestidae",""," sp."
"73","Mammalia",NA,"Zhelestidae",""," sp."
"74","Osteichthyes","Therapsida","Charassognathidae","Abdalodon","Abdalodon sp."
"75","Mammalia",NA,"Amphidontidae","Acinacodus","Acinacodus sp."
"76","Mammalia",NA,NA,"Acristatherium","Acristatherium sp."
"77","Mammalia",NA,"Adalatheriidae","Adalatherium","Adalatherium sp."
"78","Osteichthyes","Therapsida",NA,"Adelobasileus","Adelobasileus sp."
"79","Mammalia",NA,NA,"Adelodelphys","Adelodelphys sp."
"80","Mammalia",NA,NA,"Adinodon","Adinodon sp."
"81","Mammalia",NA,NA,"Aegialodon","Aegialodon sp."
"82","Osteichthyes","Therapsida",NA,"Aelurosuchus","Aelurosuchus sp."
"83","Mammalia",NA,NA,"Aenigmadelphys","Aenigmadelphys sp."
"84","Mammalia","Peramura","Peramuridae","Afriquiamus","Afriquiamus sp."
"85","Osteichthyes","Docodonta",NA,"Agilodocodon","Agilodocodon sp."
"86","Mammalia",NA,"Spalacotheriidae","Akidolestes","Akidolestes sp."
"87","Mammalia","Dryolestida","Casamiquelidae","Alamitherium","Alamitherium sp."
"88","Mammalia",NA,"Alphadontidae","Albertatherium","Albertatherium sp."
"89","Mammalia","Multituberculata","Albionbaataridae","Albionbaatar","Albionbaatar sp."
"90","Osteichthyes","Therapsida",NA,"Alemoatherium","Alemoatherium sp."
"91","Osteichthyes","Therapsida",NA,"Aleodon","Aleodon sp."
"92","Mammalia",NA,"Spalacotheriidae","Aliaga","Aliaga sp."
"93","Mammalia","Multituberculata","Allodontidae","Allacodon","Allacodon sp."
"94","Mammalia",NA,"Zhelestidae","Alostera","Alostera sp."
"95","Mammalia",NA,"Alphadontidae","Alphadon","Alphadon sp."
"96","Mammalia","Creodonta",NA,"Altacreodus","Altacreodus sp."
"97","Mammalia","Eutriconodonta","Triconodontidae","Alticonodon","Alticonodon sp."
"98","Mammalia",NA,"Zalambdalestidae","Alymlestes","Alymlestes sp."
"99","Mammalia","Cimolesta","Cimolestidae","Ambilestes","Ambilestes sp."
"100","Mammalia",NA,"Dryolestidae","Amblotherium","Amblotherium sp."
"101","Mammalia",NA,NA,"Ambolestes","Ambolestes sp."
"102","Mammalia",NA,NA,"Ambondro","Ambondro sp."
"103","Mammalia",NA,NA,"Ameghinichnus","Ameghinichnus sp."
"104","Mammalia","Multituberculata",NA,"Ameribaatar","Ameribaatar sp."
"105","Mammalia",NA,"Amphitheriidae","Amphibetulimus","Amphibetulimus sp."
"106","Mammalia",NA,"Amphidontidae","Amphidon","Amphidon sp."
"107","Mammalia",NA,"Amphilestidae","Amphilestes","Amphilestes sp."
"108","Mammalia",NA,"Amphitheriidae","Amphitherium","Amphitherium sp."
"109","Mammalia",NA,NA,"Anchistodelphys","Anchistodelphys sp."
"110","Osteichthyes","Therapsida","Traversodontidae","Andescynodon","Andescynodon sp."
"111","Mammalia",NA,"Zhangheotheriidae","Anebodon","Anebodon sp."
"112","Mammalia",NA,"Dryolestidae","Anthracolestes","Anthracolestes sp."
"113","Mammalia",NA,NA,"Apistodon","Apistodon sp."
"114","Mammalia",NA,"Amphilestidae","Aploconodon","Aploconodon sp."
"115","Mammalia",NA,"Aquiladelphidae","Aquiladelphis","Aquiladelphis sp."
"116","Mammalia",NA,"Paurodontidae","Araeodon","Araeodon sp."
"117","Mammalia",NA,"Arboroharamiyidae","Arboroharamiya","Arboroharamiya sp."
"118","Mammalia",NA,"Paurodontidae","Archaeotrigon","Archaeotrigon sp."
"119","Osteichthyes","Therapsida","Traversodontidae","Arctotraversodon","Arctotraversodon sp."
"120","Mammalia",NA,NA,"Argaliatherium","Argaliatherium sp."
"121","Mammalia","Eutriconodonta","Triconodontidae","Argentoconodon","Argentoconodon sp."
"122","Mammalia",NA,NA,"Argentodites","Argentodites sp."
"123","Mammalia","Multituberculata",NA,"Argillomys","Argillomys sp."
"124","Mammalia","Multituberculata","Arginbaataridae","Arginbaatar","Arginbaatar sp."
"125","Mammalia",NA,NA,"Arguimus","Arguimus sp."
"126","Mammalia","Eutriconodonta","Triconodontidae","Arundelconodon","Arundelconodon sp."
"127","Mammalia",NA,"Henosferidae","Asfaltomylos","Asfaltomylos sp."
"128","Mammalia",NA,NA,"Asiatherium","Asiatherium sp."
"129","Mammalia",NA,"Asioryctidae","Asioryctes","Asioryctes sp."
"130","Mammalia",NA,"Zhelestidae","Aspanlestes","Aspanlestes sp."
"131","Mammalia","Eutriconodonta","Triconodontidae","Astroconodon","Astroconodon sp."
"132","Mammalia",NA,NA,"Atlasodon","Atlasodon sp."
"133","Mammalia","Deltatheroida","Deltatheridiidae","Atokatheridium","Atokatheridium sp."
"134","Mammalia",NA,NA,"Ausktribosphenos","Ausktribosphenos sp."
"135","Mammalia","Meridiolestida",NA,"Austrotriconodon","Austrotriconodon sp."
"136","Mammalia","Multituberculata","Haramyidae","Avashishta","Avashishta sp."
"137","Mammalia",NA,"Zhelestidae","Avitotherium","Avitotherium sp."
"138","Mammalia",NA,"Zhelestidae","Azilestes","Azilestes sp."
"139","Mammalia","Multituberculata",NA,"Baidabatyr","Baidabatyr sp."
"140","Mammalia","Procreodi","Arctocyonidae","Baioconodon","Baioconodon sp."
"141","Mammalia",NA,NA,"Barberenia","Barberenia sp."
"142","Mammalia",NA,"Zalambdalestidae","Barunlestes","Barunlestes sp."
"143","Mammalia","Multituberculata","Paulchoffatiidae","Bathmochoffatia","Bathmochoffatia sp."
"144","Mammalia","Cimolesta","Cimolestidae","Batodon","Batodon sp."
"145","Mammalia","Multituberculata","Pinheirodontidae","Bernardodon","Bernardodon sp."
"146","Osteichthyes","Therapsida","Tritylodontidae","Bienotherium","Bienotherium sp."
"147","Osteichthyes","Therapsida","Tritylodontidae","Bienotheroides","Bienotheroides sp."
"148","Mammalia",NA,NA,"Bishops","Bishops sp."
"149","Mammalia",NA,NA,"Bistius","Bistius sp."
"150","Mammalia",NA,"Bobolestidae","Bobolestes","Bobolestes sp."
"151","Mammalia","Multituberculata","Plagiaulacidae","Bolodon","Bolodon sp."
"152","Osteichthyes","Therapsida","Galesauridae","Bolotridon","Bolotridon sp."
"153","Osteichthyes","Therapsida","Probainognathidae","Bonacynodon","Bonacynodon sp."
"154","Mammalia",NA,"Bondesiidae","Bondesius","Bondesius sp."
"155","Osteichthyes","Docodonta","Docodontidae","Borealestes","Borealestes sp."
"156","Osteichthyes","Therapsida",NA,"Boreogomphodon","Boreogomphodon sp."
"157","Osteichthyes","Therapsida",NA,"Botucaraitherium","Botucaraitherium sp."
"158","Osteichthyes","Morganucodonta","Morganucodontidae","Brachyzostrodon","Brachyzostrodon sp."
"159","Mammalia","Eupantotheria",NA,"Brancatherulum","Brancatherulum sp."
"160","Mammalia",NA,NA,"Brandonia","Brandonia sp."
"161","Mammalia",NA,NA,"Brasilestes","Brasilestes sp."
"162","Osteichthyes","Therapsida","Brasilodontidae","Brasilitherium","Brasilitherium sp."
"163","Osteichthyes","Therapsida","Brasilodontidae","Brasilodon","Brasilodon sp."
"164","Mammalia","Multituberculata",NA,"Bryceomys","Bryceomys sp."
"165","Mammalia","Multituberculata","Taeniolabididae","Bubodens","Bubodens sp."
"166","Mammalia","Multituberculata","Cimolomyidae","Buginbaatar","Buginbaatar sp."
"167","Mammalia",NA,NA,"Bulaklestes","Bulaklestes sp."
"168","Mammalia","Multituberculata",NA,"Bulganbaatar","Bulganbaatar sp."
"169","Mammalia",NA,NA,"Camptomus","Camptomus sp."
"170","Osteichthyes","Therapsida",NA,"Candelariodon","Candelariodon sp."
"171","Mammalia","Multituberculata","Pinheirodontidae","Cantalera","Cantalera sp."
"172","Mammalia","Dryolestida","Casamiquelidae","Casamiquelia","Casamiquelia sp."
"173","Osteichthyes","Docodonta",NA,"Castorocauda","Castorocauda sp."
"174","Mammalia",NA,"Ameghinichnidae","Catocapes","Catocapes sp."
"175","Mammalia","Multituberculata","Djadochtatheriidae","Catopsbaatar","Catopsbaatar sp."
"176","Mammalia","Multituberculata",NA,"Cedaromys","Cedaromys sp."
"177","Osteichthyes","Therapsida","Tritylodontidae","Chalepotherium","Chalepotherium sp."
"178","Osteichthyes","Therapsida","Tritheledontidae","Chaliminia","Chaliminia sp."
"179","Mammalia","Eutriconodonta",NA,"Chaoyangodens","Chaoyangodens sp."
"180","Osteichthyes","Therapsida","Charassognathidae","Charassognathus","Charassognathus sp."
"181","Osteichthyes","Therapsida","Therioherpetidae","Charruodon","Charruodon sp."
"182","Osteichthyes","Therapsida","Chiniquodontidae","Chiniquodon","Chiniquodon sp."
"183","Mammalia","Multituberculata",NA,"Chulsanbaatar","Chulsanbaatar sp."
"184","Mammalia",NA,NA,"Chunnelodon","Chunnelodon sp."
"185","Osteichthyes","Morganucodonta",NA,"Cifellilestes","Cifellilestes sp."
"186","Mammalia",NA,"Hahnodontidae","Cifelliodon","Cifelliodon sp."
"187","Mammalia","Multituberculata","Paulchoffatiidae","Cimbriodon","Cimbriodon sp."
"188","Mammalia","Multituberculata",NA,"Cimexomys","Cimexomys sp."
"189","Mammalia","Cimolesta","Cimolestidae","Cimolestes","Cimolestes sp."
"190","Mammalia","Multituberculata","Cimolodontidae","Cimolodon","Cimolodon sp."
"191","Mammalia","Multituberculata","Cimolomyidae","Cimolomys","Cimolomys sp."
"192","Osteichthyes","Therapsida","Cistecynodontidae","Cistecynodon","Cistecynodon sp."
"193","Mammalia","Multituberculata","Eucosmodontidae","Clemensodon","Clemensodon sp."
"194","Mammalia","Meridiolestida","Mesungulatidae","Coloniatherium","Coloniatherium sp."
"195","Mammalia",NA,"Amphilestidae","Comodon","Comodon sp."
"196","Mammalia",NA,"Dryolestidae","Comotherium","Comotherium sp."
"197","Osteichthyes","Therapsida",NA,"Condorodon","Condorodon sp."
"198","Mammalia","Multituberculata","Corriebaataridae","Corriebaatar","Corriebaatar sp."
"199","Mammalia","Eutriconodonta","Triconodontidae","Corviconodon","Corviconodon sp."
"200","Mammalia",NA,"Soricidae","Cretasorex","Cretasorex sp."
"201","Osteichthyes","Therapsida","Trirachodontidae","Cricodon","Cricodon sp."
"202","Osteichthyes","Therapsida",NA,"Cromptodon","Cromptodon sp."
"203","Mammalia","Meridiolestida",NA,"Cronopio","Cronopio sp."
"204","Mammalia","Dryolestida",NA,"Crusafontia","Crusafontia sp."
"205","Mammalia",NA,NA,"Cryoharamiya","Cryoharamiya sp."
"206","Mammalia","Multituberculata","Allodontidae","Ctenacodon","Ctenacodon sp."
"207","Mammalia",NA,NA,"Culicolestes","Culicolestes sp."
"208","Osteichthyes","Therapsida",NA,"Cynognathus","Cynognathus sp."
"209","Osteichthyes","Therapsida","Galesauridae","Cynosaurus","Cynosaurus sp."
"210","Osteichthyes","Docodonta","Docodontidae","Cyrtlatherium","Cyrtlatherium sp."
"211","Osteichthyes","Therapsida","Traversodontidae","Dadadon","Dadadon sp."
"212","Mammalia",NA,NA,"Dakotadens","Dakotadens sp."
"213","Mammalia","Multituberculata",NA,"Dakotamys","Dakotamys sp."
"214","Mammalia",NA,"Sudamericidae","Dakshina","Dakshina sp."
"215","Mammalia",NA,NA,"Daulestes","Daulestes sp."
"216","Osteichthyes","Therapsida","Chiniquodontidae","Deccanodon","Deccanodon sp."
"217","Mammalia","Deltatheroida","Deltatheridiidae","Deltatheridium","Deltatheridium sp."
"218","Mammalia","Deltatheroida",NA,"Deltatheroides","Deltatheroides sp."
"219","Mammalia",NA,"Hahnodontidae","Denisodon","Denisodon sp."
"220","Osteichthyes","Therapsida",NA,"Diademodon","Diademodon sp."
"221","Osteichthyes","Therapsida","Tritylodontidae","Dianzhongia","Dianzhongia sp."
"222","Osteichthyes","Therapsida","Tritheledontidae","Diarthrognathus","Diarthrognathus sp."
"223","Mammalia",NA,"Stagodontidae","Didelphodon","Didelphodon sp."
"224","Osteichthyes","Therapsida","Ecteniniidae","Diegocanis","Diegocanis sp."
"225","Osteichthyes","Therapsida","Tritylodontidae","Dinnebitodon","Dinnebitodon sp."
"226","Osteichthyes","Morganucodonta","Megazostrodontidae","Dinnetherium","Dinnetherium sp."
"227","Mammalia","Multituberculata","Djadochtatheriidae","Djadochtatherium","Djadochtatherium sp."
"228","Osteichthyes","Docodonta","Docodontidae","Docodon","Docodon sp."
"229","Osteichthyes","Docodonta",NA,"Docofossor","Docofossor sp."
"230","Mammalia","Dryolestida","Donodontidae","Donodon","Donodon sp."
"231","Mammalia",NA,"Paurodontidae","Dorsetodon","Dorsetodon sp."
"232","Mammalia",NA,"Paurodontidae","Drescheratherium","Drescheratherium sp."
"233","Osteichthyes","Therapsida",NA,"Dromatherium","Dromatherium sp."
"234","Mammalia",NA,"Dryolestidae","Dryolestes","Dryolestes sp."
"235","Osteichthyes","Docodonta","Docodontidae","Dsungarodon","Dsungarodon sp."
"236","Mammalia",NA,NA,"Durlstodon","Durlstodon sp."
"237","Mammalia",NA,NA,"Durlstotherium","Durlstotherium sp."
"238","Osteichthyes","Therapsida","Dviniidae","Dvinia","Dvinia sp."
"239","Mammalia","Eutriconodonta",NA,"Dyskritodon","Dyskritodon sp."
"240","Mammalia","Multituberculata","Pinheirodontidae","Ecprepaulax","Ecprepaulax sp."
"241","Osteichthyes","Therapsida",NA,"Ecteninion","Ecteninion sp."
"242","Mammalia",NA,NA,"Ectocentrocristus","Ectocentrocristus sp."
"243","Mammalia",NA,NA,"Eleutherodon","Eleutherodon sp."
"244","Osteichthyes","Therapsida","Tritheledontidae","Elliotherium","Elliotherium sp."
"245","Mammalia",NA,NA,"Endotherium","Endotherium sp."
"246","Mammalia","Pantotheria","Dicrocynodontidae","Ennacodon","Ennacodon sp."
"247","Mammalia",NA,"Dipodiscidae","Entodipodiscus","Entodipodiscus sp."
"248","Mammalia",NA,"Alphadontidae","Eoalphadon","Eoalphadon sp."
"249","Mammalia","Multituberculata","Eobaataridae","Eobaatar","Eobaatar sp."
"250","Mammalia",NA,"Stagodontidae","Eodelphis","Eodelphis sp."
"251","Mammalia",NA,NA,"Eomaia","Eomaia sp."
"252","Mammalia",NA,NA,"Eotetrapodiscus","Eotetrapodiscus sp."
"253","Mammalia",NA,NA,"Eoungulatum","Eoungulatum sp."
"254","Mammalia",NA,"Zhelestidae","Eozhelestes","Eozhelestes sp."
"255","Mammalia","Multituberculata",NA,"Erythrobaatar","Erythrobaatar sp."
"256","Mammalia","Multituberculata","Cimolomyidae","Essonodon","Essonodon sp."
"257","Mammalia",NA,"Dryolestidae","Euthlastus","Euthlastus sp."
"258","Osteichthyes","Therapsida","Traversodontidae","Exaeretodon","Exaeretodon sp."
"259","Mammalia",NA,"Picopsidae","Falepetrus","Falepetrus sp."
"260","Mammalia","Eutriconodonta","Klameliidae","Ferganodon","Ferganodon sp."
"261","Mammalia",NA,NA,"Ferugliotherium","Ferugliotherium sp."
"262","Mammalia","Multituberculata","Neoplagiaulacidae","Filikomys","Filikomys sp."
"263","Osteichthyes","Therapsida","Kuehneotheriidae","Fluctuodon","Fluctuodon sp."
"264","Mammalia",NA,"Paurodontidae","Foxraptor","Foxraptor sp."
"265","Mammalia",NA,NA,"Fruitafossor","Fruitafossor sp."
"266","Mammalia",NA,"Stagodontidae","Fumodelphodon","Fumodelphodon sp."
"267","Osteichthyes","Therapsida",NA,"Galesaurus","Galesaurus sp."
"268","Mammalia",NA,"Zhelestidae","Gallolestes","Gallolestes sp."
"269","Mammalia",NA,"Sudamericidae","Galulatherium","Galulatherium sp."
"270","Mammalia","Multituberculata","Paulchoffatiidae","Galveodon","Galveodon sp."
"271","Osteichthyes","Therapsida",NA,"Gaumia","Gaumia sp."
"272","Mammalia","Multituberculata","Pinheirodontidae","Gerhardodon","Gerhardodon sp."
"273","Mammalia",NA,"Glasbiidae","Glasbius","Glasbius sp."
"274","Mammalia","Multituberculata",NA,"Glirodon","Glirodon sp."
"275","Mammalia","Eutriconodonta","Gobiconodontidae","Gobiconodon","Gobiconodon sp."
"276","Mammalia",NA,NA,"Gobiotheriodon","Gobiotheriodon sp."
"277","Osteichthyes","Therapsida","Traversodontidae","Gomphodontosuchus","Gomphodontosuchus sp."
"278","Osteichthyes","Docodonta","Docodontidae","Gondtherium","Gondtherium sp."
"279","Osteichthyes","Morganucodonta","Morganucodontidae","Gondwanadon","Gondwanadon sp."
"280","Mammalia",NA,"Sudamericidae","Gondwanatherium","Gondwanatherium sp."
"281","Mammalia",NA,"Dryolestidae","Groebertherium","Groebertherium sp."
"282","Mammalia","Multituberculata","Djadochtatheriidae","Guibaatar","Guibaatar sp."
"283","Mammalia","Multituberculata","Paulchoffatiidae","Guimarotodon","Guimarotodon sp."
"284","Mammalia",NA,"Dryolestidae","Guimarotodus","Guimarotodus sp."
"285","Mammalia",NA,"Gypsonictopidae","Gypsonictops","Gypsonictops sp."
"286","Osteichthyes","Therapsida","Traversodontidae","Habayia","Habayia sp."
"287","Osteichthyes","Therapsida",NA,"Hadrocodium","Hadrocodium sp."
"288","Osteichthyes","Therapsida",NA,"Hahnia","Hahnia sp."
"289","Mammalia",NA,"Hahnodontidae","Hahnodon","Hahnodon sp."
"290","Mammalia","Multituberculata","Hahnotheriidae","Hahnotherium","Hahnotherium sp."
"291","Mammalia","Multituberculata","Eobaataridae","Hakusanobaatar","Hakusanobaatar sp."
"292","Mammalia","Eutriconodonta",NA,"Hakusanodon","Hakusanodon sp."
"293","Osteichthyes","Docodonta","Docodontidae","Haldanodon","Haldanodon sp."
"294","Osteichthyes","Morganucodonta",NA,"Hallautherium","Hallautherium sp."
"295","Mammalia","Eutriconodonta","Gobiconodontidae","Hangjinia","Hangjinia sp."
"296","Osteichthyes","Therapsida","Haramiyaviidae","Haramiyavia","Haramiyavia sp."
"297","Mammalia",NA,NA,"Hatcheritherium","Hatcheritherium sp."
"298","Mammalia",NA,"Spalacotheriidae","Heishanlestes","Heishanlestes sp."
"299","Mammalia","Multituberculata","Eobaataridae","Heishanobaatar","Heishanobaatar sp."
"300","Osteichthyes","Morganucodonta","Morganucodontidae","Helvetiodon","Helvetiodon sp."
"301","Mammalia","Multituberculata","Paulchoffatiidae","Henkelodon","Henkelodon sp."
"302","Mammalia",NA,"Dryolestidae","Henkelotherium","Henkelotherium sp."
"303","Mammalia",NA,"Henosferidae","Henosferus","Henosferus sp."
"304","Mammalia",NA,"Dryolestidae","Herpetairus","Herpetairus sp."
"305","Mammalia",NA,"Dryolestidae","Herpetarius","Herpetarius sp."
"306","Mammalia",NA,"Holoclemensiidae","Holoclemensia","Holoclemensia sp."
"307","Mammalia",NA,"Stagodontidae","Hoodootherium","Hoodootherium sp."
"308","Mammalia",NA,NA,"Hovurlestes","Hovurlestes sp."
"309","Osteichthyes","Docodonta","Tegotheriidae","Hutegotherium","Hutegotherium sp."
"310","Osteichthyes","Therapsida",NA,"Hwanghocynodon","Hwanghocynodon sp."
"311","Mammalia","Deltatheroida","Deltatheridiidae","Hydotherium","Hydotherium sp."
"312","Mammalia","Proteutheria","Palaeoryctidae","Hyotheridium","Hyotheridium sp."
"313","Mammalia",NA,NA,"Hypomylos","Hypomylos sp."
"314","Osteichthyes","Therapsida","Haramiyidae","Hypsiprymnopsis","Hypsiprymnopsis sp."
"315","Mammalia","Multituberculata",NA,"Iberica","Iberica sp."
"316","Mammalia","Multituberculata","Pinheirodontidae","Iberodon","Iberodon sp."
"317","Mammalia","Eutriconodonta","Triconodontidae","Ichthyoconodon","Ichthyoconodon sp."
"318","Osteichthyes","Therapsida",NA,"Impidens","Impidens sp."
"319","Mammalia","Multituberculata","Eobaataridae","Indobaatar","Indobaatar sp."
"320","Osteichthyes","Morganucodonta","Morganucodontidae","Indotherium","Indotherium sp."
"321","Mammalia",NA,"Spalacotheriidae","Infernolestes","Infernolestes sp."
"322","Mammalia",NA,"Pediomyidae","Iqualadelphis","Iqualadelphis sp."
"323","Osteichthyes","Therapsida","Tritheledontidae","Irajatherium","Irajatherium sp."
"324","Osteichthyes","Docodonta",NA,"Itatodon","Itatodon sp."
"325","Mammalia",NA,NA,"Iugomortiferum","Iugomortiferum sp."
"326","Mammalia","Multituberculata",NA,"Janumys","Janumys sp."
"327","Mammalia","Eutriconodonta",NA,"Jeholodens","Jeholodens sp."
"328","Mammalia","Eutriconodonta",NA,"Juchilestes","Juchilestes sp."
"329","Mammalia","Eutriconodonta","Triconodontidae","Jugulator","Jugulator sp."
"330","Mammalia",NA,NA,"Juramaia","Juramaia sp."
"331","Mammalia","Multituberculata","Sloanbaataridae","Kamptobaatar","Kamptobaatar sp."
"332","Osteichthyes","Therapsida",NA,"Kataigidodon","Kataigidodon sp."
"333","Osteichthyes","Therapsida","Tritylodontidae","Kayentatherium","Kayentatherium sp."
"334","Mammalia",NA,"Amphilestidae","Kemchugia","Kemchugia sp."
"335","Mammalia",NA,NA,"Kennalestes","Kennalestes sp."
"336","Mammalia",NA,"Dryolestidae","Kepolestes","Kepolestes sp."
"337","Mammalia",NA,"Kermackiidae","Kermackia","Kermackia sp."
"338","Mammalia","Multituberculata","Kermackodontidae","Kermackodon","Kermackodon sp."
"339","Osteichthyes","Docodonta","Tegotheriidae","Khorotherium","Khorotherium sp."
"340","Mammalia","Multituberculata","Albionbaataridae","Kielanobaatar","Kielanobaatar sp."
"341","Mammalia","Multituberculata","Paulchoffatiidae","Kielanodon","Kielanodon sp."
"342","Mammalia",NA,NA,"Kielantherium","Kielantherium sp."
"343","Mammalia","Multituberculata","Ptilodontidae","Kimbetohia","Kimbetohia sp."
"344","Osteichthyes","Therapsida",NA,"Kirtlingtonia","Kirtlingtonia sp."
"345","Mammalia",NA,"Zhangheotheriidae","Kiyatherium","Kiyatherium sp."
"346","Mammalia","Eutriconodonta","Klameliidae","Klamelia","Klamelia sp."
"347","Mammalia",NA,NA,"Kokopellia","Kokopellia sp."
"348","Mammalia","Monotremata","Kollikodontidae","Kollikodon","Kollikodon sp."
"349","Mammalia",NA,"Ameghinichnidae","Koreasaltipes","Koreasaltipes sp."
"350","Osteichthyes","Therapsida","Kuehneotheriidae","Kotatherium","Kotatherium sp."
"351","Mammalia","Peramura","Peramuridae","Kouriogenys","Kouriogenys sp."
"352","Mammalia",NA,"Dryolestidae","Krebsotherium","Krebsotherium sp."
"353","Osteichthyes","Docodonta","Tegotheriidae","Krusatodon","Krusatodon sp."
"354","Mammalia","Monotremata",NA,"Kryoryctes","Kryoryctes sp."
"355","Mammalia","Multituberculata","Djadochtatheriidae","Kryptobaatar","Kryptobaatar sp."
"356","Mammalia","Multituberculata","Paulchoffatiidae","Kuehneodon","Kuehneodon sp."
"357","Osteichthyes","Therapsida","Kuehneotheriidae","Kuehneotherium","Kuehneotherium sp."
"358","Mammalia",NA,"Zalambdalestidae","Kulbeckia","Kulbeckia sp."
"359","Osteichthyes","Therapsida",NA,"Kunminia","Kunminia sp."
"360","Mammalia",NA,"Zhelestidae","Labes","Labes sp."
"361","Mammalia",NA,"Spalacotheriidae","Lactodens","Lactodens sp."
"362","Mammalia",NA,"Zhelestidae","Lainodon","Lainodon sp."
"363","Mammalia",NA,"Dryolestidae","Lakotalestes","Lakotalestes sp."
"364","Osteichthyes","Therapsida","Trirachodontidae","Langbergia","Langbergia sp."
"365","Mammalia",NA,"Dryolestidae","Laolestes","Laolestes sp."
"366","Mammalia",NA,"Sudamericidae","Lavanify","Lavanify sp."
"367","Mammalia","Multituberculata","Pinheirodontidae","Lavocatia","Lavocatia sp."
"368","Mammalia","Meridiolestida",NA,"Leonardus","Leonardus sp."
"369","Osteichthyes","Therapsida","Chiniquodontidae","Lepagia","Lepagia sp."
"370","Mammalia",NA,"Nyctitheriidae","Leptacodon","Leptacodon sp."
"371","Mammalia",NA,"Pediomyidae","Leptalestes","Leptalestes sp."
"372","Mammalia","Multituberculata","Eobaataridae","Liaobaatar","Liaobaatar sp."
"373","Mammalia","Eutriconodonta",NA,"Liaoconodon","Liaoconodon sp."
"374","Mammalia",NA,"Amphilestidae","Liaotherium","Liaotherium sp."
"375","Mammalia","Deltatheroida","Deltatheridiidae","Lotheridium","Lotheridium sp."
"376","Mammalia","Multituberculata","Eobaataridae","Loxaulax","Loxaulax sp."
"377","Osteichthyes","Therapsida","Traversodontidae","Luangwa","Luangwa sp."
"378","Osteichthyes","Therapsida","Tritylodontidae","Lufengia","Lufengia sp."
"379","Osteichthyes","Therapsida","Lumkuiidae","Lumkuia","Lumkuia sp."
"380","Mammalia",NA,"Peradectidae","Maastrichtidelphys","Maastrichtidelphys sp."
"381","Osteichthyes","Therapsida","Madysauridae","Madysaurus","Madysaurus sp."
"382","Mammalia","Cimolesta","Cimolestidae","Maelestes","Maelestes sp."
"383","Mammalia",NA,NA,"Magallanodon","Magallanodon sp."
"384","Mammalia",NA,NA,"Magnimus","Magnimus sp."
"385","Mammalia",NA,"Eleutherodontidae","Maiopatagium","Maiopatagium sp."
"386","Mammalia",NA,"Dryolestidae","Malthacolestes","Malthacolestes sp."
"387","Osteichthyes","Therapsida","Traversodontidae","Mandagomphodon","Mandagomphodon sp."
"388","Mammalia","Multituberculata","Djadochtatheriidae","Mangasbaatar","Mangasbaatar sp."
"389","Mammalia",NA,"Zhangheotheriidae","Maotherium","Maotherium sp."
"390","Osteichthyes","Therapsida","Traversodontidae","Massetognathus","Massetognathus sp."
"391","Osteichthyes","Therapsida","Traversodontidae","Maubeugia","Maubeugia sp."
"392","Mammalia","Eutriconodonta","Gobiconodontidae","Meemannodon","Meemannodon sp."
"393","Mammalia",NA,"Eleutherodontidae","Megaconus","Megaconus sp."
"394","Osteichthyes","Morganucodonta","Megazostrodontidae","Megazostrodon","Megazostrodon sp."
"395","Mammalia","Eutriconodonta","Triconodontidae","Meiconodon","Meiconodon sp."
"396","Mammalia","Multituberculata","Paulchoffatiidae","Meketibolodon","Meketibolodon sp."
"397","Mammalia","Multituberculata","Paulchoffatiidae","Meketichoffatia","Meketichoffatia sp."
"398","Mammalia",NA,"Dryolestidae","Melanodon","Melanodon sp."
"399","Osteichthyes","Therapsida","Traversodontidae","Menadon","Menadon sp."
"400","Mammalia","Multituberculata","Cimolomyidae","Meniscoessus","Meniscoessus sp."
"401","Mammalia","Multituberculata","Neoplagiaulacidae","Mesodma","Mesodma sp."
"402","Mammalia","Meridiolestida","Mesungulatidae","Mesungulatum","Mesungulatum sp."
"403","Osteichthyes","Therapsida","Therioherpetidae","Meurthodon","Meurthodon sp."
"404","Mammalia",NA,"Dryolestidae","Miccylotyrans","Miccylotyrans sp."
"405","Osteichthyes","Therapsida",NA,"Microconodon","Microconodon sp."
"406","Mammalia",NA,NA,"Microderson","Microderson sp."
"407","Osteichthyes","Therapsida","Traversodontidae","Microscalenodon","Microscalenodon sp."
"408","Mammalia",NA,"Eleutherodontidae","Millsodon","Millsodon sp."
"409","Osteichthyes","Therapsida","Brasilodontidae","Minicynodon","Minicynodon sp."
"410","Mammalia",NA,NA,"Minimus","Minimus sp."
"411","Mammalia",NA,"Zhelestidae","Mistralestes","Mistralestes sp."
"412","Osteichthyes","Therapsida",NA,"Mitredon","Mitredon sp."
"413","Osteichthyes","Therapsida",NA,"Mojo","Mojo sp."
"414","Mammalia","Multituberculata","Eobaataridae","Monobaatar","Monobaatar sp."
"415","Mammalia",NA,NA,"Montanalestes","Montanalestes sp."
"416","Osteichthyes","Therapsida","Tritylodontidae","Montirictus","Montirictus sp."
"417","Osteichthyes","Morganucodonta","Morganucodontidae","Morganucodon","Morganucodon sp."
"418","Mammalia",NA,"Mozomuridae","Mozomus","Mozomus sp."
"419","Mammalia",NA,NA,"Murtoilestes","Murtoilestes sp."
"420","Mammalia",NA,"Amphidontidae","Nakunodon","Nakunodon sp."
"421","Osteichthyes","Therapsida","Galesauridae","Nanictosaurus","Nanictosaurus sp."
"422","Mammalia","Deltatheroida","Deltatheridiidae","Nanocuris","Nanocuris sp."
"423","Osteichthyes","Therapsida","Traversodontidae","Nanogomphodon","Nanogomphodon sp."
"424","Mammalia",NA,NA,"Nanolestes","Nanolestes sp."
"425","Mammalia","Multituberculata",NA,"Nemegtbaatar","Nemegtbaatar sp."
"426","Mammalia","Multituberculata","Neoplagiaulacidae","Neoplagiaulax","Neoplagiaulax sp."
"427","Mammalia","Multituberculata","Sloanbaataridae","Nessovbaatar","Nessovbaatar sp."
"428","Mammalia","Multituberculata","Neoplagiaulacidae","Nidimys","Nidimys sp."
"429","Mammalia",NA,"Herpetotheriidae","Nortedelphys","Nortedelphys sp."
"430","Osteichthyes","Therapsida","Charassognathidae","Nshimbodon","Nshimbodon sp."
"431","Osteichthyes","Therapsida","Tritylodontidae","Nuurtherium","Nuurtherium sp."
"432","Osteichthyes","Therapsida",NA,"Nythosaurus","Nythosaurus sp."
"433","Mammalia","Deltatheroida","Deltatheridiidae","Oklatheridium","Oklatheridium sp."
"434","Osteichthyes","Therapsida","Tritylodontidae","Oligokyphus","Oligokyphus sp."
"435","Mammalia","Meridiolestida","Mesungulatidae","Orretherium","Orretherium sp."
"436","Mammalia",NA,"Zhelestidae","Oxlestes","Oxlestes sp."
"437","Osteichthyes","Therapsida","Tritheledontidae","Pachygenelus","Pachygenelus sp."
"438","Osteichthyes","Morganucodonta","Morganucodontidae","Paikasigudodon","Paikasigudodon sp."
"439","Mammalia",NA,NA,"Palaeoxonodon","Palaeoxonodon sp."
"440","Mammalia",NA,NA,"Paleomolops","Paleomolops sp."
"441","Mammalia",NA,"Periptychidae","Paleoungulatum","Paleoungulatum sp."
"442","Osteichthyes","Therapsida","Brasilodontidae","Panchetocynodon","Panchetocynodon sp."
"443","Mammalia",NA,"Pappotheriidae","Pappotherium","Pappotherium sp."
"444","Mammalia","Multituberculata",NA,"Paracimexomys","Paracimexomys sp."
"445","Mammalia",NA,"Paraeopentapodiscidae","Paraeopentapodiscus","Paraeopentapodiscus sp."
"446","Mammalia",NA,NA,"Paranyctoides","Paranyctoides sp."
"447","Mammalia","Dryolestida",NA,"Paraungulatum","Paraungulatum sp."
"448","Mammalia",NA,"Zhelestidae","Parazhelestes","Parazhelestes sp."
"449","Mammalia","Multituberculata","Neoplagiaulacidae","Parectypodus","Parectypodus sp."
"450","Mammalia","Multituberculata","Eobaataridae","Parendotherium","Parendotherium sp."
"451","Mammalia","Multituberculata","Cimolomyidae","Paressonodon","Paressonodon sp."
"452","Mammalia",NA,"Stagodontidae","Pariadens","Pariadens sp."
"453","Mammalia","Multituberculata","Neoplagiaulacidae","Parikimys","Parikimys sp."
"454","Osteichthyes","Docodonta","Tegotheriidae","Paritatodon","Paritatodon sp."
"455","Osteichthyes","Therapsida","Traversodontidae","Pascualgnathus","Pascualgnathus sp."
"456","Mammalia","Multituberculata",NA,"Passumys","Passumys sp."
"457","Mammalia","Monotremata",NA,"Patagorhynchus","Patagorhynchus sp."
"458","Osteichthyes","Therapsida","Tritheledontidae","Pattsia","Pattsia sp."
"459","Mammalia","Multituberculata","Paulchoffatiidae","Paulchoffatia","Paulchoffatia sp."
"460","Mammalia",NA,"Paurodontidae","Paurodon","Paurodon sp."
"461","Mammalia",NA,"Pediomyidae","Pediomys","Pediomys sp."
"462","Mammalia",NA,"Dryolestidae","Pelicopsis","Pelicopsis sp."
"463","Osteichthyes","Docodonta","Docodontidae","Peraiocynodon","Peraiocynodon sp."
"464","Mammalia","Peramura","Peramuridae","Peramuroides","Peramuroides sp."
"465","Mammalia","Peramura","Peramuridae","Peramus","Peramus sp."
"466","Mammalia",NA,"Dryolestidae","Peraspalax","Peraspalax sp."
"467","Mammalia",NA,"Dryolestidae","Phascolestes","Phascolestes sp."
"468","Mammalia",NA,"Amphilestidae","Phascolotherium","Phascolotherium sp."
"469","Mammalia",NA,"Picopsidae","Picopsis","Picopsis sp."
"470","Mammalia","Multituberculata","Pinheirodontidae","Pinheirodon","Pinheirodon sp."
"471","Mammalia","Multituberculata","Plagiaulacidae","Plagiaulax","Plagiaulax sp."
"472","Osteichthyes","Therapsida",NA,"Platycraniellus","Platycraniellus sp."
"473","Mammalia","Multituberculata","Paulchoffatiidae","Plesiochoffatia","Plesiochoffatia sp."
"474","Osteichthyes","Therapsida","Tritylodontidae","Polistodon","Polistodon sp."
"475","Mammalia",NA,"Dryolestidae","Portopinheirodon","Portopinheirodon sp."
"476","Mammalia",NA,NA,"Potamotelses","Potamotelses sp."
"477","Mammalia","Eutriconodonta","Triconodontidae","Priacodon","Priacodon sp."
"478","Mammalia","Multituberculata","Albionbaataridae","Proalbionbaatar","Proalbionbaatar sp."
"479","Osteichthyes","Therapsida",NA,"Probainognathus","Probainognathus sp."
"480","Mammalia","Cimolesta","Cimolestidae","Procerberus","Procerberus sp."
"481","Osteichthyes","Therapsida","Procynosuchidae","Procynosuchus","Procynosuchus sp."
"482","Osteichthyes","Therapsida","Galesauridae","Progalesaurus","Progalesaurus sp."
"483","Mammalia",NA,NA,"Prokennalestes","Prokennalestes sp."
"484","Mammalia",NA,NA,"Protalphadon","Protalphadon sp."
"485","Osteichthyes","Therapsida","Brasilodontidae","Protheriodon","Protheriodon sp."
"486","Mammalia",NA,"Pediomyidae","Protolambda","Protolambda sp."
"487","Osteichthyes","Therapsida","Traversodontidae","Protuberum","Protuberum sp."
"488","Mammalia","Procreodi","Arctocyonidae","Protungulatum","Protungulatum sp."
"489","Osteichthyes","Therapsida",NA,"Prozostrodon","Prozostrodon sp."
"490","Mammalia","Multituberculata","Allodontidae","Psalodon","Psalodon sp."
"491","Mammalia","Multituberculata","Paulchoffatiidae","Pseudobolodon","Pseudobolodon sp."
"492","Osteichthyes","Therapsida",NA,"Pseudotherium","Pseudotherium sp."
"493","Mammalia","Shuotheridia","Shuotheriidae","Pseudotribos","Pseudotribos sp."
"494","Osteichthyes","Therapsida","Dromatheriidae","Pseudotriconodon","Pseudotriconodon sp."
"495","Osteichthyes","Morganucodonta",NA,"Purbeckodon","Purbeckodon sp."
"496","Osteichthyes","Therapsida","Trirachodontidae","Redondagnathus","Redondagnathus sp."
"497","Mammalia","Meridiolestida",NA,"Reigitherium","Reigitherium sp."
"498","Mammalia","Multituberculata","Paulchoffatiidae","Renatodon","Renatodon sp."
"499","Mammalia","Eutriconodonta","Gobiconodontidae","Repenomamus","Repenomamus sp."
"500","Osteichthyes","Therapsida","Dromatheriidae","Rewaconodon","Rewaconodon sp."
"501","Osteichthyes","Therapsida","Tritheledontidae","Riograndia","Riograndia sp."
"502","Osteichthyes","Therapsida","Traversodontidae","Rosieria","Rosieria sp."
"503","Mammalia","Dryolestida","Casamiquelidae","Rougietherium","Rougietherium sp."
"504","Osteichthyes","Therapsida","Traversodontidae","Ruberodon","Ruberodon sp."
"505","Mammalia","Multituberculata",NA,"Rugosodon","Rugosodon sp."
"506","Mammalia","Eutriconodonta",NA,"Sangarotherium","Sangarotherium sp."
"507","Osteichthyes","Therapsida",NA,"Santacruzgnathus","Santacruzgnathus sp."
"508","Osteichthyes","Therapsida","Traversodontidae","Santacruzodon","Santacruzodon sp."
"509","Mammalia",NA,NA,"Sasayamamylos","Sasayamamylos sp."
"510","Mammalia",NA,NA,"Sazlestes","Sazlestes sp."
"511","Mammalia",NA,"Aquiladelphidae","Scalaridelphys","Scalaridelphys sp."
"512","Osteichthyes","Therapsida","Traversodontidae","Scalenodon","Scalenodon sp."
"513","Osteichthyes","Therapsida","Traversodontidae","Scalenodontoides","Scalenodontoides sp."
"514","Mammalia",NA,NA,"Schadipes","Schadipes sp."
"515","Mammalia",NA,"Stylinodontidae","Schowalteria","Schowalteria sp."
"516","Mammalia","Cimolesta","Cimolestidae","Scollardius","Scollardius sp."
"517","Mammalia",NA,NA,"Sederipes","Sederipes sp."
"518","Mammalia",NA,"Spalacotheriidae","Shalbaatar","Shalbaatar sp."
"519","Osteichthyes","Therapsida","Tritylodontidae","Shartegodon","Shartegodon sp."
"520","Mammalia",NA,"Zhelestidae","Sheikhdzheilia","Sheikhdzheilia sp."
"521","Mammalia",NA,NA,"Shenshou","Shenshou sp."
"522","Mammalia","Shuotheridia","Shuotheriidae","Shuotherium","Shuotherium sp."
"523","Osteichthyes","Docodonta","Tegotheriidae","Sibirotherium","Sibirotherium sp."
"524","Mammalia",NA,"Gypsonictopidae","Sikuomys","Sikuomys sp."
"525","Osteichthyes","Docodonta","Simpsonodontidae","Simpsonodon","Simpsonodon sp."
"526","Mammalia",NA,NA,"Sinbadelphys","Sinbadelphys sp."
"527","Mammalia",NA,NA,"Sineleutherus","Sineleutherus sp."
"528","Mammalia","Multituberculata","Eobaataridae","Sinobaatar","Sinobaatar sp."
"529","Osteichthyes","Therapsida",NA,"Sinoconodon","Sinoconodon sp."
"530","Mammalia",NA,NA,"Sinodelphys","Sinodelphys sp."
"531","Osteichthyes","Therapsida","Traversodontidae","Sinognathus","Sinognathus sp."
"532","Osteichthyes","Therapsida","Traversodontidae","Siriusgnathus","Siriusgnathus sp."
"533","Mammalia","Multituberculata","Sloanbaataridae","Sloanbaatar","Sloanbaatar sp."
"534","Mammalia",NA,"Zhelestidae","Sorlestes","Sorlestes sp."
"535","Mammalia",NA,"Spalacotheriidae","Spalacolestes","Spalacolestes sp."
"536","Mammalia",NA,"Spalacotheriidae","Spalacotheridium","Spalacotheridium sp."
"537","Mammalia",NA,"Spalacotheriidae","Spalacotherium","Spalacotherium sp."
"538","Mammalia",NA,"Spalacotheriidae","Spalacotheroides","Spalacotheroides sp."
"539","Mammalia","Eutriconodonta","Gobiconodontidae","Spinolestes","Spinolestes sp."
"540","Mammalia","Multituberculata","Haramyidae","Staffia","Staffia sp."
"541","Osteichthyes","Therapsida","Tritylodontidae","Stereognathus","Stereognathus sp."
"542","Mammalia","Monotremata","Ornithorhynchidae","Steropodon","Steropodon sp."
"543","Mammalia","Monotremata",NA,"Stirtodon","Stirtodon sp."
"544","Osteichthyes","Morganucodonta",NA,"Storchodon","Storchodon sp."
"545","Mammalia","Multituberculata","Eucosmodontidae","Stygimys","Stygimys sp."
"546","Osteichthyes","Morganucodonta",NA,"Stylidens","Stylidens sp."
"547","Mammalia","Deltatheroida","Deltatheridiidae","Sulestes","Sulestes sp."
"548","Mammalia","Multituberculata","Paulchoffatiidae","Sunnyodon","Sunnyodon sp."
"549","Mammalia",NA,"Spalacotheriidae","Symmetrodontoides","Symmetrodontoides sp."
"550","Mammalia",NA,"Spalacotheriidae","Symmetrolestes","Symmetrolestes sp."
"551","Osteichthyes","Therapsida","Galesauridae","Sysphinctostoma","Sysphinctostoma sp."
"552","Mammalia","Multituberculata",NA,"Tagaria","Tagaria sp."
"553","Osteichthyes","Docodonta",NA,"Tashkumyrodon","Tashkumyrodon sp."
"554","Mammalia","Multituberculata",NA,"Tashtykia","Tashtykia sp."
"555","Mammalia",NA,"Paurodontidae","Tathiodon","Tathiodon sp."
"556","Mammalia","Multituberculata","Eobaataridae","Tedoribaatar","Tedoribaatar sp."
"557","Osteichthyes","Docodonta","Tegotheriidae","Tegotherium","Tegotherium sp."
"558","Mammalia","Monotremata","Ornithorhynchidae","Teinolophos","Teinolophos sp."
"559","Mammalia","Cimolesta","Cimolestidae","Telacodon","Telacodon sp."
"560","Mammalia",NA,"Amphilestidae","Tendagurodon","Tendagurodon sp."
"561","Mammalia","Peramura","Peramuridae","Tendagurutherium","Tendagurutherium sp."
"562","Osteichthyes","Therapsida",NA,"Tessellatia","Tessellatia sp."
"563","Mammalia","Multituberculata","Pinheirodontidae","Teutonodon","Teutonodon sp."
"564","Mammalia",NA,"Thereuodontidae","Thereuodon","Thereuodon sp."
"565","Osteichthyes","Therapsida",NA,"Therioherpeton","Therioherpeton sp."
"566","Osteichthyes","Therapsida",NA,"Theroteinus","Theroteinus sp."
"567","Mammalia","Proteutheria","Palaeoryctidae","Thlaeodon","Thlaeodon sp."
"568","Osteichthyes","Therapsida","Haramiyidae","Thomasia","Thomasia sp."
"569","Osteichthyes","Therapsida",NA,"Thrinaxodon","Thrinaxodon sp."
"570","Mammalia",NA,NA,"Tikitherium","Tikitherium sp."
"571","Mammalia",NA,"Tinodontidae","Tinodon","Tinodon sp."
"572","Osteichthyes","Therapsida","Diademodontidae","Titanogomphodon","Titanogomphodon sp."
"573","Mammalia","Multituberculata","Djadochtatheriidae","Tombaatar","Tombaatar sp."
"574","Mammalia",NA,NA,"Trapalcotherium","Trapalcotherium sp."
"575","Osteichthyes","Therapsida","Traversodontidae","Traversodon","Traversodon sp."
"576","Mammalia",NA,NA,"Tribactonodon","Tribactonodon sp."
"577","Mammalia",NA,NA,"Tribotherium","Tribotherium sp."
"578","Mammalia","Eutriconodonta","Triconodontidae","Triconodon","Triconodon sp."
"579","Mammalia","Eutriconodonta","Triconodontidae","Triconolestes","Triconolestes sp."
"580","Mammalia","Eutriconodonta","Triconodontidae","Trioracodon","Trioracodon sp."
"581","Osteichthyes","Therapsida","Trirachodontidae","Trirachodon","Trirachodon sp."
"582","Mammalia","Symmetrodonta",NA,"Trishulotherium","Trishulotherium sp."
"583","Osteichthyes","Therapsida","Tritheledontidae","Tritheledon","Tritheledon sp."
"584","Osteichthyes","Therapsida","Tritylodontidae","Tritylodon","Tritylodon sp."
"585","Osteichthyes","Therapsida","Tritylodontidae","Tritylodontoides","Tritylodontoides sp."
"586","Osteichthyes","Therapsida",NA,"Trucidocynodon","Trucidocynodon sp."
"587","Mammalia","Deltatheroida","Deltatheridiidae","Tsagandelta","Tsagandelta sp."
"588","Mammalia",NA,"Alphadontidae","Turgidodon","Turgidodon sp."
"589","Mammalia",NA,NA,"Uchkudukodon","Uchkudukodon sp."
"590","Mammalia",NA,NA,"Ukhaatherium","Ukhaatherium sp."
"591","Mammalia",NA,"Pediomyidae","Unnuakomys","Unnuakomys sp."
"592","Osteichthyes","Therapsida","Procynosuchidae","Uralocynodon","Uralocynodon sp."
"593","Mammalia","Multituberculata",NA,"Uzbekbaatar","Uzbekbaatar sp."
"594","Mammalia","Multituberculata","Taeniolabididae","Valenopsalis","Valenopsalis sp."
"595","Mammalia",NA,"Alphadontidae","Varalphadon","Varalphadon sp."
"596","Mammalia",NA,"Eleutherodontidae","Vilevolodon","Vilevolodon sp."
"597","Mammalia",NA,"Vincelestidae","Vincelestes","Vincelestes sp."
"598","Mammalia",NA,"Sudamericidae","Vintana","Vintana sp."
"599","Mammalia","Multituberculata",NA,"Viridomys","Viridomys sp."
"600","Mammalia","Eutriconodonta","Triconodontidae","Volaticotherium","Volaticotherium sp."
"601","Osteichthyes","Morganucodonta","Megazostrodontidae","Wareolestes","Wareolestes sp."
"602","Mammalia","Symmetrodonta","Woutersiidae","Woutersia","Woutersia sp."
"603","Mammalia","Multituberculata","Paulchoffatiidae","Xenachoffatia","Xenachoffatia sp."
"604","Mammalia",NA,"Eleutherodontidae","Xianshou","Xianshou sp."
"605","Mammalia","Eutriconodonta","Jeholodentidae","Yanoconodon","Yanoconodon sp."
"606","Mammalia",NA,"Spalacotheriidae","Yaverlestes","Yaverlestes sp."
"607","Mammalia",NA,"Tinodontidae","Yermakia","Yermakia sp."
"608","Osteichthyes","Therapsida","Tritylodontidae","Yuanotherium","Yuanotherium sp."
"609","Mammalia","Multituberculata",NA,"Yubaatar","Yubaatar sp."
"610","Osteichthyes","Therapsida","Tritylodontidae","Yunnanodon","Yunnanodon sp."
"611","Mammalia",NA,"Zalambdalestidae","Zalambdalestes","Zalambdalestes sp."
"612","Mammalia",NA,"Zhelestidae","Zhalmouzia","Zhalmouzia sp."
"613","Mammalia",NA,"Zhangheotheriidae","Zhangheotherium","Zhangheotherium sp."
"614","Mammalia",NA,"Zalambdalestidae","Zhangolestes","Zhangolestes sp."
"615","Mammalia",NA,"Zhelestidae","Zhelestes","Zhelestes sp."
"616","Mammalia","Multituberculata","Zofiabaataridae","Zofiabaatar","Zofiabaatar sp."
"617","Mammalia",NA,"Zalambdalestidae","Zofialestes","Zofialestes sp."
"618","Mammalia",NA,NA,"Zygiocuspis","Zygiocuspis sp."
